{
  "v0_x_scale": 0.04921259731054306,
  "v0_y_scale": 0.11321021616458893,
  "v1_x_scale": 0.11321021616458893,
  "v1_y_scale": 0.03497809171676636,
  "v2_x_scale": 0.03497809171676636,
  "v2_y_scale": 0.06208249554038048,
  "v4_x_scale": 0.06208249554038048,
  "v4_y_scale": 0.2754335403442383
}